dataset,attack,metric,direction,target_method,baseline_method,n_pairs,target_mean,baseline_mean,mean_difference_target_minus_baseline,difference_ci95_low,difference_ci95_high,paired_cohens_dz_favoring_target,exact_two_sided_p,holm_adjusted_p,holm_reject_0_05
digits,adaptive_tierguard_aware,clean_accuracy,higher,tierguard,hfl_fedavg,6,0.8677777777777779,0.8816666666666667,-0.013888888888888876,-0.07368182603348115,0.045904048255703406,-0.2437661652798326,0.5625,0.9375,False
digits,adaptive_tierguard_aware,clean_accuracy,higher,tierguard,hfl_fltrust,6,0.8677777777777779,0.6638888888888889,0.20388888888888887,0.11499490575932488,0.2927828720184529,2.407005053052141,0.03125,0.125,False
digits,adaptive_tierguard_aware,clean_accuracy,higher,tierguard,hfl_trimmed_mean,6,0.8677777777777779,0.8344444444444443,0.03333333333333335,-0.037394442001369384,0.10406110866803608,0.49458911765558156,0.3125,0.9375,False
digits,adaptive_tierguard_aware,clean_accuracy,higher,tierguard,hfl_rfa,6,0.8677777777777779,0.8377777777777777,0.03000000000000001,-0.047212603106596626,0.10721260310659665,0.4077452116646718,0.375,0.9375,False
digits,adaptive_tierguard_aware,macro_f1,higher,tierguard,hfl_fedavg,6,0.8620119033510197,0.8775412209041028,-0.015529317553082974,-0.08207676243304393,0.051018127326877986,-0.2448932386940524,0.5625,0.75,False
digits,adaptive_tierguard_aware,macro_f1,higher,tierguard,hfl_fltrust,6,0.8620119033510197,0.6314078966145894,0.23060400673643047,0.10879138898577369,0.35241662448708727,1.98669126270147,0.03125,0.125,False
digits,adaptive_tierguard_aware,macro_f1,higher,tierguard,hfl_trimmed_mean,6,0.8620119033510197,0.8234656233413391,0.03854628000968067,-0.0398310525604284,0.11692361257978973,0.5161165696904085,0.25,0.75,False
digits,adaptive_tierguard_aware,macro_f1,higher,tierguard,hfl_rfa,6,0.8620119033510197,0.8258130678135046,0.03619883553751524,-0.04935478318164038,0.12175245425667086,0.4440297056341363,0.3125,0.75,False
digits,adaptive_tierguard_aware,attack_success_rate,lower,tierguard,hfl_fedavg,6,0.01318499640390599,0.08423630220611862,-0.07105130580221264,-0.18740367532185706,0.04530106371743178,0.6408444699306384,0.125,0.375,False
digits,adaptive_tierguard_aware,attack_success_rate,lower,tierguard,hfl_fltrust,6,0.01318499640390599,0.10289024819642549,-0.0897052517925195,-0.23000431541729782,0.05059381183225885,0.6709944163895828,0.25,0.5,False
digits,adaptive_tierguard_aware,attack_success_rate,lower,tierguard,hfl_trimmed_mean,6,0.01318499640390599,0.05034407813187119,-0.03715908172796519,-0.09073694077057849,0.01641877731464811,0.7278391747628195,0.09375,0.375,False
digits,adaptive_tierguard_aware,attack_success_rate,lower,tierguard,hfl_rfa,6,0.01318499640390599,0.01967863137738846,-0.00649363497348247,-0.03144472889665827,0.018457458949693323,0.27312036877540424,0.5625,0.5625,False
digits,backdoor_model_replacement,clean_accuracy,higher,tierguard,hfl_fedavg,6,0.8616666666666667,0.4888888888888889,0.3727777777777779,0.11691802572857923,0.6286375298269765,1.5289871995420417,0.03125,0.125,False
digits,backdoor_model_replacement,clean_accuracy,higher,tierguard,hfl_fltrust,6,0.8616666666666667,0.6527777777777778,0.2088888888888889,-0.029637329947940605,0.4474151077257184,0.9190412938555519,0.03125,0.125,False
digits,backdoor_model_replacement,clean_accuracy,higher,tierguard,hfl_trimmed_mean,6,0.8616666666666667,0.32666666666666666,0.535,0.2655426540575488,0.8044573459424513,2.083625018203296,0.03125,0.125,False
digits,backdoor_model_replacement,clean_accuracy,higher,tierguard,hfl_rfa,6,0.8616666666666667,0.7722222222222223,0.08944444444444442,-0.03338718759219671,0.21227607648108554,0.7641857902099334,0.1875,0.1875,False
digits,backdoor_model_replacement,macro_f1,higher,tierguard,hfl_fedavg,6,0.8518021214348122,0.4390998695601835,0.4127022518746286,0.10937763961517988,0.7160268641340773,1.4278579260561577,0.03125,0.125,False
digits,backdoor_model_replacement,macro_f1,higher,tierguard,hfl_fltrust,6,0.8518021214348122,0.6214119286403507,0.2303901927944613,-0.025288888720372188,0.4860692743092948,0.9456373120887781,0.03125,0.125,False
digits,backdoor_model_replacement,macro_f1,higher,tierguard,hfl_trimmed_mean,6,0.8518021214348122,0.2782188018883956,0.5735833195464165,0.2942260929547314,0.8529405461381017,2.1547277846571125,0.03125,0.125,False
digits,backdoor_model_replacement,macro_f1,higher,tierguard,hfl_rfa,6,0.8518021214348122,0.7440667473502717,0.10773537408454033,-0.045757569636090914,0.2612283178051716,0.736589829481823,0.21875,0.21875,False
digits,backdoor_model_replacement,attack_success_rate,lower,tierguard,hfl_fedavg,6,0.03626868778877896,0.7869786772743584,-0.7507099894855794,-1.0659811357396032,-0.4354388432315557,2.49887066277018,0.03125,0.125,False
digits,backdoor_model_replacement,attack_success_rate,lower,tierguard,hfl_fltrust,6,0.03626868778877896,0.038677293814183375,-0.0024086060254044145,-0.0688632399273126,0.06404602787650378,0.03803612866573967,0.96875,1.0,False
digits,backdoor_model_replacement,attack_success_rate,lower,tierguard,hfl_trimmed_mean,6,0.03626868778877896,0.8256995705118103,-0.7894308827230313,-1.0671076570686713,-0.5117541083773913,2.9835297010936497,0.03125,0.125,False
digits,backdoor_model_replacement,attack_success_rate,lower,tierguard,hfl_rfa,6,0.03626868778877896,0.03320076385439353,0.003067923934385428,-0.07126835182711977,0.07740419969589063,-0.043311138259918475,0.875,1.0,False
fashionmnist,adaptive_tierguard_aware,clean_accuracy,higher,tierguard,hfl_fedavg,6,0.7575,0.7746666666666666,-0.017166666666666663,-0.06168756421571823,0.0273542308823849,-0.40464844174279624,0.40625,1.0,False
fashionmnist,adaptive_tierguard_aware,clean_accuracy,higher,tierguard,hfl_fltrust,6,0.7575,0.7655,-0.008000000000000007,-0.037852708910920116,0.021852708910920098,-0.2812302610198573,0.59375,1.0,False
fashionmnist,adaptive_tierguard_aware,clean_accuracy,higher,tierguard,hfl_trimmed_mean,6,0.7575,0.7706666666666667,-0.01316666666666666,-0.06572408269461705,0.03939074936128372,-0.2629042731340175,0.65625,1.0,False
fashionmnist,adaptive_tierguard_aware,clean_accuracy,higher,tierguard,hfl_rfa,6,0.7575,0.7488333333333332,0.008666666666666675,-0.01650812559442199,0.033841458927755336,0.3612784083686905,0.34375,1.0,False
fashionmnist,adaptive_tierguard_aware,macro_f1,higher,tierguard,hfl_fedavg,6,0.7397318747880837,0.7600961084179164,-0.020364233629832845,-0.08228447095190934,0.041556003692243645,-0.34513679976958916,0.40625,1.0,False
fashionmnist,adaptive_tierguard_aware,macro_f1,higher,tierguard,hfl_fltrust,6,0.7397318747880837,0.7508395881033344,-0.011107713315250642,-0.05176501007942799,0.029549583448926706,-0.28670942631488217,0.53125,1.0,False
fashionmnist,adaptive_tierguard_aware,macro_f1,higher,tierguard,hfl_trimmed_mean,6,0.7397318747880837,0.7535398260602664,-0.013807951272182706,-0.07651507616204403,0.04889917361767862,-0.23108308991086443,0.625,1.0,False
fashionmnist,adaptive_tierguard_aware,macro_f1,higher,tierguard,hfl_rfa,6,0.7397318747880837,0.7316363800610114,0.008095494727072328,-0.02857666691467852,0.044767656368823176,0.23166620970353313,0.5625,1.0,False
fashionmnist,adaptive_tierguard_aware,attack_success_rate,lower,tierguard,hfl_fedavg,6,0.32897330775571537,0.885104505380773,-0.5561311976250576,-0.7773534186111866,-0.3349089766389286,2.6381793684386103,0.03125,0.125,False
fashionmnist,adaptive_tierguard_aware,attack_success_rate,lower,tierguard,hfl_fltrust,6,0.32897330775571537,0.8893577514242711,-0.5603844436685558,-0.7796227755762449,-0.3411461117608666,2.682411429205189,0.03125,0.125,False
fashionmnist,adaptive_tierguard_aware,attack_success_rate,lower,tierguard,hfl_trimmed_mean,6,0.32897330775571537,0.7999855696091607,-0.4710122618534453,-0.7020332571582225,-0.23999126654866812,2.1396196209998926,0.03125,0.125,False
fashionmnist,adaptive_tierguard_aware,attack_success_rate,lower,tierguard,hfl_rfa,6,0.32897330775571537,0.8033165646352192,-0.4743432568795037,-0.719972692265875,-0.22871382149313238,2.026600429751699,0.03125,0.125,False
fashionmnist,backdoor_model_replacement,clean_accuracy,higher,tierguard,hfl_fedavg,6,0.7515000000000001,0.6418333333333334,0.10966666666666668,-0.0026997483804049177,0.22203308171373826,1.024221592015561,0.09375,0.28125,False
fashionmnist,backdoor_model_replacement,clean_accuracy,higher,tierguard,hfl_fltrust,6,0.7515000000000001,0.7431666666666666,0.00833333333333334,-0.013776327225626222,0.0304429938922929,0.39554189336431617,0.4375,0.4375,False
fashionmnist,backdoor_model_replacement,clean_accuracy,higher,tierguard,hfl_trimmed_mean,6,0.7515000000000001,0.6811666666666666,0.07033333333333332,-0.02664875351752659,0.1673154201841932,0.7610715449564466,0.0625,0.25,False
fashionmnist,backdoor_model_replacement,clean_accuracy,higher,tierguard,hfl_rfa,6,0.7515000000000001,0.7173333333333334,0.03416666666666668,-0.006060634870405701,0.07439396820373906,0.8913279371573682,0.125,0.28125,False
fashionmnist,backdoor_model_replacement,macro_f1,higher,tierguard,hfl_fedavg,6,0.7255195790639909,0.610070357866404,0.11544922119758695,-0.013210274153657733,0.24410871654883165,0.9416835266780844,0.09375,0.375,False
fashionmnist,backdoor_model_replacement,macro_f1,higher,tierguard,hfl_fltrust,6,0.7255195790639909,0.7281480429325752,-0.00262846386858423,-0.0466990299347385,0.04144210219757004,-0.06259061110607315,0.96875,0.96875,False
fashionmnist,backdoor_model_replacement,macro_f1,higher,tierguard,hfl_trimmed_mean,6,0.7255195790639909,0.6385047823952111,0.08701479666877972,-0.04521389665239921,0.21924348998995863,0.6905946548281724,0.125,0.375,False
fashionmnist,backdoor_model_replacement,macro_f1,higher,tierguard,hfl_rfa,6,0.7255195790639909,0.68955852001,0.03596105905399081,-0.021601909099611204,0.09352402720759281,0.6556092958750706,0.1875,0.375,False
fashionmnist,backdoor_model_replacement,attack_success_rate,lower,tierguard,hfl_fedavg,6,0.11126592538694496,0.9916221510384232,-0.8803562256514783,-0.9771453879523223,-0.7835670633506343,9.54525462397681,0.03125,0.125,False
fashionmnist,backdoor_model_replacement,attack_success_rate,lower,tierguard,hfl_fltrust,6,0.11126592538694496,0.05386272884339111,0.05740319654355385,-0.019313295528231515,0.1341196886153392,-0.7852413303829189,0.15625,0.15625,False
fashionmnist,backdoor_model_replacement,attack_success_rate,lower,tierguard,hfl_trimmed_mean,6,0.11126592538694496,0.9844485307758211,-0.8731826053888762,-0.9676952476023366,-0.7786699631754157,9.695517179201364,0.03125,0.125,False
fashionmnist,backdoor_model_replacement,attack_success_rate,lower,tierguard,hfl_rfa,6,0.11126592538694496,0.8588526163536322,-0.7475866909666872,-0.9537262129598153,-0.541447168973559,3.805888894214571,0.03125,0.125,False
mnist,adaptive_tierguard_aware,clean_accuracy,higher,tierguard,hfl_fedavg,6,0.9338333333333334,0.9443333333333332,-0.010499999999999973,-0.01664614595224819,-0.004353854047751754,-1.7928429140015958,0.03125,0.125,False
mnist,adaptive_tierguard_aware,clean_accuracy,higher,tierguard,hfl_fltrust,6,0.9338333333333334,0.9241666666666668,0.00966666666666662,-0.003651935442358409,0.02298526877569165,0.7616823774711509,0.15625,0.46875,False
mnist,adaptive_tierguard_aware,clean_accuracy,higher,tierguard,hfl_trimmed_mean,6,0.9338333333333334,0.9361666666666667,-0.002333333333333317,-0.009502343556038266,0.0048356768893716325,-0.34156502553198537,0.46875,0.9375,False
mnist,adaptive_tierguard_aware,clean_accuracy,higher,tierguard,hfl_rfa,6,0.9338333333333334,0.9311666666666668,0.0026666666666666505,-0.021977574070149636,0.027310907403482937,0.11355574187124003,0.8125,0.9375,False
mnist,adaptive_tierguard_aware,macro_f1,higher,tierguard,hfl_fedavg,6,0.9328850037681443,0.943472852191008,-0.010587848422863458,-0.016502313685441226,-0.00467338316028569,-1.878659353208654,0.03125,0.125,False
mnist,adaptive_tierguard_aware,macro_f1,higher,tierguard,hfl_fltrust,6,0.9328850037681443,0.9224519108273278,0.010433092940816771,-0.003954492252241579,0.02482067813387512,0.7609935523942459,0.15625,0.46875,False
mnist,adaptive_tierguard_aware,macro_f1,higher,tierguard,hfl_trimmed_mean,6,0.9328850037681443,0.9350063113263415,-0.002121307558196839,-0.00933490883214118,0.005092293715747502,-0.30860809604122075,0.46875,0.9375,False
mnist,adaptive_tierguard_aware,macro_f1,higher,tierguard,hfl_rfa,6,0.9328850037681443,0.9299755163240189,0.0029094874441257246,-0.02249153593589204,0.02831051082414349,0.12020459853193823,0.8125,0.9375,False
mnist,adaptive_tierguard_aware,attack_success_rate,lower,tierguard,hfl_fedavg,6,0.2982256430219233,0.8881581696802413,-0.5899325266583182,-0.8779627514731569,-0.30190230184347944,2.149414072801267,0.03125,0.125,False
mnist,adaptive_tierguard_aware,attack_success_rate,lower,tierguard,hfl_fltrust,6,0.2982256430219233,0.9955673952601888,-0.6973417522382656,-1.0187977007877305,-0.3758858036888006,2.276564771280756,0.03125,0.125,False
mnist,adaptive_tierguard_aware,attack_success_rate,lower,tierguard,hfl_trimmed_mean,6,0.2982256430219233,0.8303037240972898,-0.5320780810753664,-0.7920990379099362,-0.2720571242407966,2.1474488375304595,0.03125,0.125,False
mnist,adaptive_tierguard_aware,attack_success_rate,lower,tierguard,hfl_rfa,6,0.2982256430219233,0.8168577085112005,-0.5186320654892772,-0.838066781705813,-0.19919734927274146,1.7038566752036115,0.03125,0.125,False
mnist,backdoor_model_replacement,clean_accuracy,higher,tierguard,hfl_fedavg,6,0.9313333333333333,0.8755000000000001,0.055833333333333346,0.007347968171196088,0.1043186984954706,1.208477850960866,0.0625,0.25,False
mnist,backdoor_model_replacement,clean_accuracy,higher,tierguard,hfl_fltrust,6,0.9313333333333333,0.9225000000000002,0.008833333333333304,-0.0008855210445524227,0.018552187711219033,0.9538176474970291,0.125,0.375,False
mnist,backdoor_model_replacement,clean_accuracy,higher,tierguard,hfl_trimmed_mean,6,0.9313333333333333,0.9036666666666667,0.02766666666666669,-0.018210197830978953,0.07354353116431234,0.6328764259513046,0.25,0.5,False
mnist,backdoor_model_replacement,clean_accuracy,higher,tierguard,hfl_rfa,6,0.9313333333333333,0.9226666666666667,0.008666666666666656,-0.017796318826110193,0.035129652159443504,0.3436917154181662,0.53125,0.53125,False
mnist,backdoor_model_replacement,macro_f1,higher,tierguard,hfl_fedavg,6,0.9303111155787859,0.8685317813474202,0.06177933423136565,0.00094507789201978,0.12261359057071151,1.0657389282411378,0.0625,0.25,False
mnist,backdoor_model_replacement,macro_f1,higher,tierguard,hfl_fltrust,6,0.9303111155787859,0.9211411745164625,0.009169941062323347,-0.0008124615280630208,0.019152343652709715,0.9640227269350492,0.09375,0.28125,False
mnist,backdoor_model_replacement,macro_f1,higher,tierguard,hfl_trimmed_mean,6,0.9303111155787859,0.8999354134812311,0.03037570209755471,-0.018657257747812458,0.07940866194292187,0.6501207446698534,0.25,0.5,False
mnist,backdoor_model_replacement,macro_f1,higher,tierguard,hfl_rfa,6,0.9303111155787859,0.9216569762850727,0.008654139293713281,-0.018289885779864935,0.0355981643672915,0.3370677611324268,0.53125,0.53125,False
mnist,backdoor_model_replacement,attack_success_rate,lower,tierguard,hfl_fedavg,6,0.3654923267658357,0.9865069320140661,-0.6210146052482305,-0.945309491491602,-0.296719719004859,2.009636560085442,0.03125,0.125,False
mnist,backdoor_model_replacement,attack_success_rate,lower,tierguard,hfl_fltrust,6,0.3654923267658357,0.35538686757704746,0.010105459188788246,-0.3381004152825564,0.3583113336601329,-0.03045620366494271,0.9375,0.9375,False
mnist,backdoor_model_replacement,attack_success_rate,lower,tierguard,hfl_trimmed_mean,6,0.3654923267658357,0.9970388599178098,-0.6315465331519743,-0.9392718224469907,-0.3238212438569578,2.1537633181231235,0.03125,0.125,False
mnist,backdoor_model_replacement,attack_success_rate,lower,tierguard,hfl_rfa,6,0.3654923267658357,0.9033174766456339,-0.5378251498797981,-0.8074844729342994,-0.26816582682529694,2.0930590269344607,0.03125,0.125,False
